1	1	ES	2232	1	2232	7	1947	19	1806	0	+67	0	+60	0	+75	+1	+82	+6	+208	+8	+294	789	341	302	146	468	138	183	1608	700
2	2	AR	2177	1	2177	5	1987	26	1751	0	+64	0	+64	0	+45	ŌłÆ1	+8	+3	+114	ŌłÆ1	+68	1117	381	419	317	618	228	271	2134	1142
3	3	FR	2121	1	2163	16	1795	40	1514	0	+40	0	+59	0	+66	+1	+75	+1	+48	+1	+139	947	475	341	131	481	271	195	1726	1279
4	4	EN	2097	1	2213	4	1983	17	1810	0	+77	0	+55	+2	+113	+3	+117	+2	+61	+7	+185	1168	509	525	134	690	215	263	2736	1124
5	5	CO	2003	3	2069	48	1621	102	1304	+2	+28	0	+5	+3	+53	ŌłÆ2	ŌłÆ47	+6	+78	+2	+51	655	185	229	241	270	205	180	852	743
6	6	PT	1995	2	2060	19	1797	41	1623	ŌłÆ1	+11	+1	+19	ŌłÆ2	ŌłÆ35	+3	+36	+2	ŌłÆ11	0	+36	701	322	262	117	350	190	161	1234	784
7	7	BR	1993	1	2195	4	1998	20	1805	ŌłÆ2	+9	ŌłÆ1	+15	ŌłÆ2	ŌłÆ8	ŌłÆ2	ŌłÆ27	ŌłÆ5	ŌłÆ121	ŌłÆ2	+16	1072	373	346	353	675	173	224	2312	961
8	8	NL	1971	1	2153	15	1848	55	1552	0	+10	0	+12	ŌłÆ1	ŌłÆ4	0	+8	+4	+50	+2	+47	906	430	358	118	467	240	199	1904	1149
9	9	NO	1951	6	1972	38	1624	85	1364	+3	+39	+2	+29	+5	+85	+26	+217	+27	+213	+43	+316	893	425	409	59	339	356	198	1390	1452
10	10	BE	1948	1	2157	24	1755	70	1503	+9	+81	+9	+98	+8	+101	0	+14	ŌłÆ9	ŌłÆ177	+4	+59	884	416	377	91	395	303	186	1620	1366
11	11	CH	1928	9	1949	27	1689	57	1485	+5	+39	+2	+31	+9	+84	+2	+25	+3	+14	+9	+126	902	426	392	84	322	374	206	1348	1490
12	12	MX	1913	4	1985	20	1784	48	1498	+8	+56	+10	+79	+5	+52	+13	+128	+3	+34	0	+6	1034	302	273	459	539	258	237	1839	1057
13	13	DE	1908	1	2223	8	1911	25	1637	ŌłÆ2	ŌłÆ15	ŌłÆ1	ŌłÆ2	ŌłÆ3	ŌłÆ5	ŌłÆ2	ŌłÆ25	0	ŌłÆ7	ŌłÆ10	ŌłÆ107	1051	470	416	165	608	225	218	2369	1238
14	14	MA	1901	11	1923	43	1658	86	1510	+10	+80	+6	+63	+11	+89	+14	+128	+28	+220	+48	+326	736	319	219	198	368	166	202	1118	621
15	15	JP	1888	9	1925	61	1468	114	1126	ŌłÆ2	ŌłÆ16	+1	+10	+1	+26	+2	+31	+14	+117	+13	+134	840	332	207	301	410	258	172	1526	990
16	16	HR	1882	4	2015	12	1881	28	1780	ŌłÆ6	ŌłÆ49	ŌłÆ7	ŌłÆ51	ŌłÆ7	ŌłÆ45	ŌłÆ4	ŌłÆ33	+2	+57	0	+33	404	158	167	79	212	86	106	702	411
17	17	EC	1871	9	1938	64	1526	121	1183	ŌłÆ8	ŌłÆ62	ŌłÆ8	ŌłÆ62	ŌłÆ6	ŌłÆ34	ŌłÆ1	+1	+10	+89	ŌłÆ2	+12	604	183	212	209	186	256	162	726	908
18	18	DK	1869	1	2074	20	1799	59	1542	0	ŌłÆ1	ŌłÆ1	+4	ŌłÆ3	+4	+1	+53	ŌłÆ9	ŌłÆ96	+11	+125	905	414	396	95	420	298	187	1652	1221
18	18	IT	1869	1	2134	8	1915	23	1607	+3	+13	0	+10	ŌłÆ5	ŌłÆ13	ŌłÆ4	ŌłÆ21	ŌłÆ15	ŌłÆ223	ŌłÆ10	ŌłÆ80	903	407	325	171	481	177	245	1581	894
20	20	TR	1852	9	1911	42	1612	77	1358	ŌłÆ6	ŌłÆ51	ŌłÆ5	ŌłÆ29	+3	+16	+2	+47	+18	+122	ŌłÆ1	+37	675	291	302	82	267	252	156	957	976
21	21	UY	1841	1	2104	12	1876	44	1636	ŌłÆ6	ŌłÆ51	ŌłÆ7	ŌłÆ49	ŌłÆ9	ŌłÆ60	ŌłÆ15	ŌłÆ145	ŌłÆ11	ŌłÆ93	ŌłÆ8	ŌłÆ53	1022	336	432	254	446	322	254	1613	1258
22	22	AT	1821	1	2070	20	1809	73	1549	+1	ŌłÆ6	+2	+3	ŌłÆ3	ŌłÆ24	ŌłÆ7	ŌłÆ55	+6	+44	+18	+108	870	432	383	55	372	312	186	1567	1330
23	23	SN	1816	17	1879	56	1591	107	1387	ŌłÆ6	ŌłÆ63	ŌłÆ3	ŌłÆ22	+6	+31	+7	+49	+16	+110	+22	+142	710	221	260	229	320	196	194	979	681
24	24	PY	1814	5	1955	23	1755	51	1618	ŌłÆ2	ŌłÆ19	ŌłÆ1	ŌłÆ19	0	ŌłÆ11	+26	+152	ŌłÆ4	+4	+10	+89	794	215	366	213	278	305	211	1009	1121
25	25	AU	1795	11	1875	35	1671	77	1469	+1	+13	+5	+22	+5	+20	+2	+20	+10	+56	+17	+88	642	272	224	146	327	182	133	1294	724
26	26	UA	1780	14	1873	31	1745	66	1561	+3	+13	ŌłÆ1	ŌłÆ22	+1	ŌłÆ19	ŌłÆ7	ŌłÆ36	ŌłÆ2	ŌłÆ15	+6	+42	340	134	146	60	154	91	95	478	358
27	27	RU	1772	1	2084	24	1742	52	1449	0	ŌłÆ4	+2	ŌłÆ10	+1	ŌłÆ21	ŌłÆ1	ŌłÆ9	+10	+41	+16	+80	815	313	383	119	432	174	209	1482	779
28	28	NG	1767	16	1826	38	1669	74	1500	+4	+15	+7	+22	+39	+191	+35	+181	+16	+105	+26	+142	717	241	264	212	332	180	205	1081	725
29	29	IR	1764	13	1853	41	1658	79	1448	+2	+4	+4	+9	ŌłÆ3	ŌłÆ37	ŌłÆ8	ŌłÆ44	ŌłÆ7	ŌłÆ40	0	+20	673	223	195	255	384	132	157	1278	528
30	30	DZ	1756	18	1807	48	1621	110	1386	+5	+13	+11	+28	+13	+52	+22	+115	+1	ŌłÆ6	+17	+100	694	261	234	199	312	198	184	1062	712
31	31	US	1747	9	1890	40	1645	93	1410	+10	+26	+3	0	+14	+51	+1	+1	ŌłÆ8	ŌłÆ56	ŌłÆ7	ŌłÆ17	833	492	253	88	371	289	173	1265	1084
32	32	SQ	1745	1	2104	14	1877	63	1598	ŌłÆ3	ŌłÆ22	ŌłÆ5	ŌłÆ45	+8	+28	+3	+11	+18	+116	+9	+35	869	403	410	56	411	270	188	1491	1078
33	33	GR	1744	7	1931	49	1559	91	1273	ŌłÆ1	ŌłÆ8	ŌłÆ1	ŌłÆ17	ŌłÆ12	ŌłÆ94	+1	+6	+12	+84	+22	+129	658	299	296	63	251	250	157	835	909
34	34	EG	1742	12	1872	37	1662	70	1528	+17	+53	+20	+89	+16	+76	+20	+109	+26	+144	+17	+103	890	354	281	255	448	218	224	1554	930
35	35	RS	1734	2	2017	20	1787	46	1515	ŌłÆ7	ŌłÆ35	ŌłÆ4	ŌłÆ34	ŌłÆ13	ŌłÆ103	ŌłÆ11	ŌłÆ54	ŌłÆ9	ŌłÆ51	ŌłÆ1	+9	863	302	425	136	404	267	192	1623	1182
36	36	VE	1733	18	1829	83	1433	122	1218	+2	+6	+6	+18	+1	ŌłÆ12	ŌłÆ18	ŌłÆ87	ŌłÆ2	ŌłÆ17	+8	+48	483	179	179	125	130	246	107	524	874
37	37	SE	1731	2	2011	17	1795	54	1579	+6	+12	+16	+71	ŌłÆ3	ŌłÆ29	+10	+57	ŌłÆ21	ŌłÆ132	ŌłÆ4	ŌłÆ2	1124	490	500	134	550	338	236	2236	1497
38	38	CA	1729	21	1841	49	1599	90	1471	ŌłÆ13	ŌłÆ55	ŌłÆ13	ŌłÆ73	ŌłÆ6	ŌłÆ39	ŌłÆ7	ŌłÆ26	+3	+38	+40	+208	495	157	200	138	192	187	116	638	630
39	39	CI	1727	15	1863	45	1640	76	1476	+13	+51	+19	+90	+25	+140	+19	+104	+8	+84	ŌłÆ3	+3	697	241	238	218	351	168	178	1137	700
40	40	KR	1723	16	1845	35	1686	84	1444	ŌłÆ8	ŌłÆ29	ŌłÆ12	ŌłÆ61	ŌłÆ10	ŌłÆ52	ŌłÆ7	ŌłÆ17	ŌłÆ10	ŌłÆ41	ŌłÆ19	ŌłÆ74	1056	353	256	447	574	224	258	1915	969
41	41	CL	1717	2	2040	28	1678	59	1384	+3	+7	ŌłÆ2	ŌłÆ14	+6	+28	ŌłÆ1	ŌłÆ6	ŌłÆ16	ŌłÆ77	ŌłÆ39	ŌłÆ323	854	328	308	218	319	347	188	1197	1219
42	42	KO	1714	37	1737	102	1421	119	1363	0	ŌłÆ6	+2	+1	+17	+105	+39	+209	+43	+232	+68	+315	109	49	40	20	43	43	23	156	147
43	43	HU	1710	1	2233	20	1835	74	1529	+2	+7	+3	+12	+1	+9	ŌłÆ20	ŌłÆ90	ŌłÆ10	ŌłÆ44	ŌłÆ6	ŌłÆ13	1035	469	492	74	489	324	222	2074	1527
43	43	PL	1710	2	2084	30	1712	63	1521	ŌłÆ6	ŌłÆ19	ŌłÆ6	ŌłÆ25	+5	+28	ŌłÆ4	ŌłÆ19	ŌłÆ11	ŌłÆ51	ŌłÆ25	ŌłÆ113	921	397	410	114	400	296	225	1564	1243
45	45	CD	1704	20	1782	62	1557	114	1387	+9	+49	+12	+65	+21	+121	+26	+151	+41	+228	+30	+172	553	166	225	162	227	174	152	841	648
46	46	PE	1699	10	1916	35	1679	76	1485	+1	+4	ŌłÆ1	ŌłÆ8	ŌłÆ8	ŌłÆ44	ŌłÆ5	ŌłÆ10	ŌłÆ25	ŌłÆ109	ŌłÆ29	ŌłÆ142	710	266	253	191	229	305	176	860	991
46	46	IE	1699	4	1918	24	1626	64	1237	+3	+8	+3	+11	+8	+66	+13	+80	+7	+77	ŌłÆ20	ŌłÆ60	743	378	305	60	262	287	194	979	1161
48	48	WA	1682	3	1909	22	1670	85	1403	ŌłÆ2	ŌłÆ16	ŌłÆ6	ŌłÆ33	ŌłÆ9	ŌłÆ44	ŌłÆ4	ŌłÆ1	ŌłÆ29	ŌłÆ140	ŌłÆ25	ŌłÆ96	735	346	357	32	236	332	167	919	1176
48	48	SI	1682	26	1777	54	1625	77	1518	0	ŌłÆ12	ŌłÆ1	ŌłÆ13	ŌłÆ13	ŌłÆ70	ŌłÆ19	ŌłÆ89	+7	+65	+8	+69	321	145	146	30	116	118	87	401	381
50	50	CZ	1680	1	2032	13	1854	50	1669	ŌłÆ10	ŌłÆ46	ŌłÆ11	ŌłÆ51	ŌłÆ14	ŌłÆ69	ŌłÆ13	ŌłÆ52	ŌłÆ33	ŌłÆ156	ŌłÆ11	ŌłÆ37	887	361	417	109	426	263	198	1631	1105
51	51	SK	1667	17	1775	40	1682	67	1567	+2	ŌłÆ6	ŌłÆ1	ŌłÆ20	0	+2	ŌłÆ8	ŌłÆ17	ŌłÆ8	ŌłÆ3	ŌłÆ24	ŌłÆ91	368	158	166	44	150	131	87	521	460
52	52	PA	1658	27	1773	99	1363	143	1154	ŌłÆ16	ŌłÆ79	ŌłÆ16	ŌłÆ84	ŌłÆ19	ŌłÆ103	ŌłÆ14	ŌłÆ72	+17	+101	ŌłÆ6	ŌłÆ12	597	201	228	168	197	255	145	743	919
53	53	GE	1654	31	1755	70	1554	104	1434	+2	+1	+2	+4	ŌłÆ12	ŌłÆ57	ŌłÆ11	ŌłÆ51	+23	+127	+34	+169	321	141	148	32	107	146	68	415	444
54	54	IL	1647	23	1775	49	1619	85	1411	+5	+13	+6	+16	+1	+18	+12	+80	+5	+41	+11	+79	526	250	214	62	197	209	120	805	768
55	55	RO	1639	5	1945	29	1717	65	1501	+5	+12	+1	ŌłÆ3	ŌłÆ6	ŌłÆ42	ŌłÆ10	ŌłÆ43	ŌłÆ5	+10	ŌłÆ17	ŌłÆ79	802	333	377	92	355	247	200	1306	1020
56	56	UZ	1631	25	1766	59	1597	93	1428	ŌłÆ18	ŌłÆ96	ŌłÆ19	ŌłÆ104	ŌłÆ14	ŌłÆ76	ŌłÆ10	ŌłÆ50	+16	+81	ŌłÆ8	ŌłÆ19	370	130	129	111	180	115	75	638	413
57	57	JO	1628	40	1701	111	1323	153	1094	ŌłÆ7	ŌłÆ62	ŌłÆ9	ŌłÆ61	0	+4	ŌłÆ4	ŌłÆ7	+30	+158	+17	+93	588	201	193	194	207	223	158	733	725
58	58	BO	1621	21	1798	60	1509	92	1244	ŌłÆ1	ŌłÆ24	ŌłÆ7	ŌłÆ45	ŌłÆ6	ŌłÆ43	+16	+71	+6	+41	+6	+48	538	189	205	144	122	295	121	551	1060
59	59	CV	1619	58	1625	120	1302	146	1172	+13	+70	+13	+58	+19	+101	+9	+59	+35	+181	+25	+117	257	80	91	86	96	98	63	277	283
60	60	AL	1616	38	1675	72	1504	116	1363	ŌłÆ4	ŌłÆ30	ŌłÆ8	ŌłÆ48	ŌłÆ4	ŌłÆ11	ŌłÆ4	ŌłÆ14	+10	+60	ŌłÆ7	ŌłÆ16	410	192	185	33	116	209	85	396	604
61	61	CM	1614	14	1849	53	1604	80	1442	0	0	+1	+8	+2	+21	+3	+30	+5	+49	ŌłÆ5	+1	661	184	247	230	287	172	202	952	712
62	62	CR	1609	9	1866	36	1690	76	1479	ŌłÆ1	ŌłÆ5	ŌłÆ3	ŌłÆ24	ŌłÆ16	ŌłÆ84	ŌłÆ11	ŌłÆ52	ŌłÆ13	ŌłÆ25	ŌłÆ40	ŌłÆ177	789	259	280	250	355	243	191	1366	919
63	63	EI	1605	13	1852	40	1654	110	1397	+1	+5	0	+3	+6	+44	+15	+88	+2	+39	ŌłÆ14	ŌłÆ37	612	276	298	38	172	290	150	645	928
63	63	BA	1605	20	1806	53	1626	90	1469	+3	+11	+6	+33	+14	+82	+26	+129	ŌłÆ11	ŌłÆ23	ŌłÆ38	ŌłÆ156	285	118	138	29	105	113	67	399	394
65	65	SA	1596	29	1736	76	1499	125	1253	+6	+28	ŌłÆ1	+4	+3	+28	ŌłÆ4	+8	ŌłÆ7	ŌłÆ11	+11	+69	842	324	151	367	396	248	198	1284	901
66	66	NM	1589	40	1667	74	1534	110	1402	+1	0	ŌłÆ2	ŌłÆ3	ŌłÆ13	ŌłÆ45	+9	+43	+2	+26	+36	+158	305	141	134	30	95	131	79	364	411
67	67	ML	1588	42	1650	70	1523	129	1302	ŌłÆ2	ŌłÆ8	ŌłÆ1	ŌłÆ1	ŌłÆ5	ŌłÆ13	ŌłÆ7	ŌłÆ12	+7	+47	+1	+31	625	195	234	196	249	206	170	824	718
68	68	GH	1570	10	1877	42	1650	101	1424	+14	+65	+12	+61	+17	+93	+8	+32	ŌłÆ7	ŌłÆ27	ŌłÆ18	ŌłÆ70	783	247	298	238	371	215	197	1250	826
68	68	HN	1570	23	1789	63	1501	110	1331	+1	ŌłÆ1	+2	+3	ŌłÆ3	ŌłÆ15	+12	+60	ŌłÆ12	ŌłÆ42	+9	+44	668	212	217	239	263	232	173	964	859
70	70	IS	1568	18	1841	81	1425	127	1258	ŌłÆ1	ŌłÆ3	+1	+2	+1	+18	ŌłÆ3	+7	ŌłÆ14	ŌłÆ44	ŌłÆ39	ŌłÆ174	527	216	251	60	160	263	104	635	885
71	71	TN	1562	24	1757	47	1616	87	1438	ŌłÆ13	ŌłÆ74	ŌłÆ10	ŌłÆ52	ŌłÆ13	ŌłÆ51	ŌłÆ23	ŌłÆ109	ŌłÆ23	ŌłÆ75	0	+11	780	337	253	190	330	234	216	1107	857
72	72	IQ	1561	19	1740	46	1629	96	1456	ŌłÆ9	ŌłÆ46	ŌłÆ4	ŌłÆ21	ŌłÆ1	+11	ŌłÆ23	ŌłÆ102	ŌłÆ19	ŌłÆ61	+10	+57	763	138	231	394	359	192	212	1200	717
73	73	ZA	1560	7	1847	32	1707	99	1448	+6	+35	+4	+31	+3	+36	ŌłÆ4	+1	+8	+67	ŌłÆ15	ŌłÆ46	530	276	162	92	232	143	155	722	547
74	74	AO	1542	52	1628	86	1456	161	1213	ŌłÆ1	ŌłÆ1	ŌłÆ1	ŌłÆ1	ŌłÆ14	ŌłÆ65	ŌłÆ2	ŌłÆ9	+38	+174	+83	+324	475	166	184	125	176	140	159	579	490
75	75	AE	1540	37	1692	98	1396	163	981	0	0	0	0	ŌłÆ1	+3	+7	+38	+7	+49	ŌłÆ14	ŌłÆ43	674	287	141	246	263	238	173	933	831
76	76	FI	1536	14	1757	62	1501	120	1246	ŌłÆ2	ŌłÆ6	+4	+27	ŌłÆ6	ŌłÆ20	ŌłÆ19	ŌłÆ91	ŌłÆ36	ŌłÆ169	ŌłÆ14	ŌłÆ39	825	337	430	58	217	441	167	972	1699
77	77	NZ	1534	29	1642	66	1500	103	1334	ŌłÆ9	ŌłÆ51	ŌłÆ10	ŌłÆ51	ŌłÆ16	ŌłÆ68	ŌłÆ12	ŌłÆ36	+7	+49	ŌłÆ5	ŌłÆ7	444	135	189	120	181	183	80	771	660
78	78	BF	1529	56	1617	98	1402	137	1265	0	ŌłÆ1	ŌłÆ2	ŌłÆ5	+3	+27	+9	+46	ŌłÆ5	ŌłÆ16	+17	+69	493	154	188	151	170	192	131	614	677
79	79	JM	1527	38	1700	83	1414	133	1222	ŌłÆ3	ŌłÆ8	ŌłÆ1	ŌłÆ1	ŌłÆ6	ŌłÆ19	ŌłÆ18	ŌłÆ61	ŌłÆ17	ŌłÆ67	ŌłÆ9	ŌłÆ26	719	272	268	179	280	272	167	961	942
80	80	BY	1522	44	1665	80	1506	120	1350	+1	+9	+2	+26	+3	+30	+16	+89	+2	+31	ŌłÆ21	ŌłÆ62	308	105	158	45	91	137	80	348	445
81	81	HT	1517	36	1674	81	1418	129	1265	ŌłÆ4	ŌłÆ15	ŌłÆ7	ŌłÆ25	+5	+50	+2	+16	ŌłÆ6	ŌłÆ15	+9	+41	566	181	196	189	247	201	118	964	769
82	82	GT	1504	30	1642	68	1486	108	1382	ŌłÆ2	ŌłÆ10	ŌłÆ4	ŌłÆ24	ŌłÆ7	ŌłÆ21	+4	+19	+6	+50	+4	+15	628	205	180	243	225	237	166	878	858
83	83	SY	1479	53	1618	86	1428	124	1254	0	ŌłÆ12	+1	ŌłÆ7	+10	+36	+17	+60	+7	+30	ŌłÆ2	ŌłÆ35	598	125	224	249	223	227	148	859	760
83	83	OM	1479	53	1634	127	1212	181	782	+1	ŌłÆ11	0	ŌłÆ11	ŌłÆ1	ŌłÆ22	ŌłÆ6	ŌłÆ52	ŌłÆ4	ŌłÆ25	+8	+8	594	230	145	219	223	219	152	757	784
85	85	PS	1465	66	1483	121	1254	159	1154	+1	ŌłÆ4	+1	ŌłÆ4	+2	+5	+18	+57	+6	+17	+31	+113	292	19	113	160	84	128	80	370	446
86	86	GN	1463	21	1772	72	1516	128	1302	0	ŌłÆ6	ŌłÆ1	ŌłÆ22	+5	+12	+2	ŌłÆ19	+9	+26	ŌłÆ6	ŌłÆ57	646	172	263	211	251	211	184	953	804
87	87	ME	1461	34	1720	61	1596	94	1440	+2	+21	+2	+17	ŌłÆ7	ŌłÆ53	ŌłÆ17	ŌłÆ93	ŌłÆ10	ŌłÆ56	ŌłÆ18	ŌłÆ95	174	91	78	5	58	73	43	205	239
88	88	BG	1458	7	1911	41	1632	98	1312	ŌłÆ3	ŌłÆ17	0	+5	+2	+6	ŌłÆ3	ŌłÆ30	ŌłÆ8	ŌłÆ41	ŌłÆ29	ŌłÆ126	781	299	400	82	286	300	195	1094	1152
89	89	LU	1450	24	1520	108	1256	191	979	+1	+14	+14	+55	0	ŌłÆ5	ŌłÆ10	ŌłÆ61	+17	+64	+58	+211	474	258	201	15	55	357	62	309	1224
90	90	NS	1442	64	1486	87	1450	105	1426	ŌłÆ2	0	0	0	+4	0	+3	0	+3	0	+10	+1	16	5	3	8	8	6	2	28	22
91	91	CW	1438	26	1618	97	1381	188	1011	ŌłÆ1	+2	ŌłÆ4	ŌłÆ28	+11	+42	+27	+85	+7	+13	+78	+272	503	174	177	152	202	176	125	885	780
92	92	SR	1431	26	1592	84	1404	170	1160	0	0	ŌłÆ1	ŌłÆ9	+15	+45	+43	+113	+37	+109	+70	+222	540	230	220	90	237	175	128	978	737
93	93	KZ	1428	48	1622	100	1420	130	1307	0	ŌłÆ2	+4	+18	+7	+26	ŌłÆ1	ŌłÆ26	+30	+81	+14	+9	272	103	123	46	70	143	59	285	454
94	94	CN	1424	17	1752	49	1580	112	1376	+3	+1	+7	+21	+11	+29	+11	+25	ŌłÆ16	ŌłÆ81	ŌłÆ29	ŌłÆ144	766	271	266	229	371	231	164	1431	865
94	94	KD	1424	94	1424	100	1424	108	1403	+2	0	0	0	+3	0	+4	0	+5	0	+10	0	4	2	0	2	3	0	1	12	3
96	96	LY	1420	43	1617	82	1469	128	1321	+3	0	ŌłÆ4	ŌłÆ5	+13	+35	+8	+18	+30	+93	ŌłÆ7	ŌłÆ58	458	164	166	128	165	185	108	620	611
97	97	GM	1419	89	1454	118	1309	144	1190	0	ŌłÆ4	ŌłÆ3	ŌłÆ5	+10	+33	+25	+72	+13	+48	+42	+138	299	108	100	91	81	136	82	319	433
98	98	BH	1414	51	1634	109	1349	155	1074	+2	ŌłÆ4	ŌłÆ2	ŌłÆ4	ŌłÆ6	ŌłÆ35	ŌłÆ7	ŌłÆ41	ŌłÆ32	ŌłÆ151	+5	ŌłÆ13	637	218	159	260	223	248	166	780	826
99	99	QA	1411	26	1771	93	1416	164	963	ŌłÆ4	ŌłÆ14	ŌłÆ7	ŌłÆ14	ŌłÆ20	ŌłÆ106	ŌłÆ44	ŌłÆ220	ŌłÆ53	ŌłÆ241	ŌłÆ26	ŌłÆ127	702	328	148	226	289	235	178	995	836
100	100	BJ	1405	58	1540	109	1356	168	1131	ŌłÆ6	ŌłÆ24	ŌłÆ3	ŌłÆ5	ŌłÆ2	ŌłÆ2	+6	+8	ŌłÆ4	ŌłÆ26	+9	ŌłÆ1	354	129	142	83	87	182	85	366	623
101	101	GA	1401	59	1593	95	1413	126	1268	0	0	ŌłÆ2	ŌłÆ4	ŌłÆ14	ŌłÆ59	ŌłÆ6	ŌłÆ34	ŌłÆ5	ŌłÆ30	ŌłÆ4	ŌłÆ45	462	184	154	124	159	174	129	551	567
102	102	UG	1394	29	1625	75	1482	130	1306	0	0	+2	0	+9	+13	+13	+33	ŌłÆ13	ŌłÆ56	ŌłÆ17	ŌłÆ106	736	251	257	228	304	238	194	1108	887
103	103	TT	1386	11	1661	61	1505	125	1313	+1	ŌłÆ6	ŌłÆ2	ŌłÆ17	ŌłÆ5	ŌłÆ21	ŌłÆ1	ŌłÆ27	+15	+25	ŌłÆ38	ŌłÆ182	872	344	365	163	375	304	193	1446	1130
103	103	FO	1386	61	1386	122	1253	169	1154	+3	+4	+4	+5	+44	+111	+49	+140	+41	+124	+47	+154	283	119	141	23	51	195	37	213	641
105	105	NE	1382	98	1409	133	1239	159	1082	ŌłÆ2	ŌłÆ11	ŌłÆ5	ŌłÆ22	+20	+45	+48	+144	+44	+152	+38	+119	292	100	117	75	65	158	69	287	517
106	106	MG	1380	68	1508	104	1366	167	1162	0	ŌłÆ2	+6	+12	+38	+96	+23	+54	+6	+12	+42	+144	357	120	121	116	136	143	78	494	536
106	106	GQ	1380	61	1604	151	1159	189	1007	ŌłÆ1	ŌłÆ11	0	ŌłÆ3	ŌłÆ22	ŌłÆ100	ŌłÆ34	ŌłÆ171	+15	+28	+17	+53	196	80	64	52	56	96	44	182	288
108	108	TG	1379	48	1603	90	1439	144	1263	+7	+20	+11	+36	+8	+8	+5	+9	+29	+91	0	ŌłÆ28	495	179	198	118	158	210	127	539	675
109	109	TH	1376	67	1547	112	1318	140	1124	0	0	+3	+8	+13	+25	ŌłÆ12	ŌłÆ52	+26	+85	ŌłÆ8	ŌłÆ61	935	389	200	346	366	358	211	1487	1408
110	110	KP	1375	17	1802	63	1567	131	1315	0	0	ŌłÆ2	0	+4	0	ŌłÆ4	ŌłÆ22	ŌłÆ3	ŌłÆ3	ŌłÆ28	ŌłÆ129	417	50	149	218	175	127	115	641	447
111	111	KM	1374	95	1434	185	942	206	830	+3	+11	ŌłÆ3	ŌłÆ1	ŌłÆ15	ŌłÆ52	+14	+31	+45	+158	+79	+407	159	29	35	95	41	81	37	145	246
112	112	AM	1373	62	1588	102	1418	143	1243	ŌłÆ4	ŌłÆ6	ŌłÆ7	ŌłÆ16	ŌłÆ6	ŌłÆ14	ŌłÆ22	ŌłÆ88	ŌłÆ49	ŌłÆ210	ŌłÆ34	ŌłÆ148	283	115	132	36	66	158	59	283	539
113	113	ZW	1372	43	1574	78	1462	146	1279	ŌłÆ1	+1	+7	+30	ŌłÆ12	ŌłÆ26	+23	+57	+6	+18	ŌłÆ3	ŌłÆ27	552	190	223	139	207	184	161	738	663
113	113	ID	1372	39	1578	101	1361	179	1103	+14	+41	+9	+31	+7	+15	+14	+39	+65	+269	+48	+161	784	252	192	340	299	332	153	1317	1269
115	115	ZM	1371	31	1709	60	1551	124	1344	ŌłÆ3	0	ŌłÆ4	0	ŌłÆ5	ŌłÆ13	+4	+20	ŌłÆ24	ŌłÆ77	ŌłÆ17	ŌłÆ73	879	282	360	237	393	261	225	1389	954
116	116	KE	1363	53	1563	90	1379	140	1240	0	+7	+1	+19	ŌłÆ3	ŌłÆ13	ŌłÆ17	ŌłÆ59	ŌłÆ11	ŌłÆ24	+4	+23	781	291	283	207	294	293	194	1078	1062
117	117	EE	1360	32	1541	94	1353	174	1088	+6	+21	ŌłÆ3	+1	0	ŌłÆ6	ŌłÆ4	ŌłÆ10	ŌłÆ15	ŌłÆ44	ŌłÆ25	ŌłÆ107	541	231	255	55	134	287	120	533	962
118	118	VN	1351	62	1516	120	1297	177	1092	ŌłÆ1	0	+9	+22	+13	+30	+30	+79	ŌłÆ18	ŌłÆ70	+27	+95	525	174	131	220	222	200	103	922	771
119	119	SD	1350	24	1707	90	1444	155	1226	ŌłÆ1	0	ŌłÆ4	0	ŌłÆ17	ŌłÆ46	ŌłÆ13	ŌłÆ47	ŌłÆ16	ŌłÆ51	+16	+61	553	154	204	195	187	225	141	628	730
120	120	RE	1345	72	1395	125	1184	159	1047	0	0	ŌłÆ4	0	+3	0	+3	0	ŌłÆ9	ŌłÆ24	ŌłÆ7	ŌłÆ36	139	53	38	48	55	55	29	237	252
121	121	SV	1342	32	1607	72	1471	130	1322	0	0	+9	+18	ŌłÆ2	ŌłÆ20	ŌłÆ12	ŌłÆ46	ŌłÆ51	ŌłÆ214	ŌłÆ16	ŌłÆ79	685	208	209	268	226	305	154	860	1020
121	121	MZ	1342	83	1495	116	1332	152	1210	ŌłÆ10	ŌłÆ30	ŌłÆ11	ŌłÆ30	ŌłÆ26	ŌłÆ90	ŌłÆ20	ŌłÆ74	+4	+7	+4	+18	444	166	177	101	139	194	111	466	585
123	123	SL	1341	65	1552	104	1368	158	1185	ŌłÆ4	ŌłÆ7	ŌłÆ6	ŌłÆ3	+6	+16	+9	+20	+1	ŌłÆ5	ŌłÆ6	ŌłÆ10	337	116	141	80	98	150	89	331	474
124	124	GP	1338	50	1530	91	1408	166	1179	0	0	+1	0	0	0	+5	+12	+24	+100	+16	+59	293	92	89	112	128	114	51	507	410
125	125	RW	1336	96	1461	144	1207	176	1035	0	0	+11	+28	+7	+16	+1	+1	+3	+11	+9	+45	290	107	100	83	90	126	74	298	364
126	126	NI	1333	65	1373	146	1031	197	900	+3	+6	+2	+5	+3	+8	ŌłÆ6	ŌłÆ16	+24	+104	+18	+72	253	63	100	90	54	167	32	258	621
127	127	KW	1332	27	1733	84	1467	143	1175	+1	+4	+1	+4	+13	+42	+1	+4	ŌłÆ19	ŌłÆ43	ŌłÆ34	ŌłÆ134	762	269	176	317	321	248	193	1198	880
128	128	MR	1329	98	1424	155	1116	181	911	+5	+18	+6	+18	ŌłÆ2	ŌłÆ4	ŌłÆ5	ŌłÆ16	ŌłÆ24	ŌłÆ68	+8	+41	300	91	103	106	56	173	71	217	527
129	129	AZ	1322	63	1551	107	1397	143	1257	ŌłÆ7	ŌłÆ18	ŌłÆ5	ŌłÆ17	ŌłÆ11	ŌłÆ43	ŌłÆ45	ŌłÆ169	ŌłÆ21	ŌłÆ53	ŌłÆ17	ŌłÆ67	324	116	152	56	67	176	81	265	545
130	130	ZN	1320	101	1366	145	1119	168	936	0	0	+1	0	+2	0	+4	0	ŌłÆ1	ŌłÆ2	+7	+35	217	37	45	135	39	131	47	186	458
131	131	CY	1314	63	1575	102	1377	141	1248	+4	+13	+6	+12	+5	+15	+5	ŌłÆ1	ŌłÆ16	ŌłÆ51	ŌłÆ25	ŌłÆ106	429	237	186	6	84	271	74	387	932
132	132	TZ	1313	65	1511	117	1295	169	1130	ŌłÆ1	0	ŌłÆ9	ŌłÆ27	ŌłÆ30	ŌłÆ83	ŌłÆ21	ŌłÆ64	0	+6	ŌłÆ8	ŌłÆ12	658	244	237	177	193	280	185	752	963
133	133	MQ	1312	39	1565	80	1458	133	1312	ŌłÆ1	0	ŌłÆ13	ŌłÆ30	ŌłÆ18	ŌłÆ61	ŌłÆ39	ŌłÆ126	ŌłÆ32	ŌłÆ100	ŌłÆ39	ŌłÆ153	371	136	125	110	167	116	88	676	488
134	134	LR	1304	70	1518	112	1342	154	1218	+3	+7	+4	+4	+16	+41	+16	+39	ŌłÆ15	ŌłÆ50	ŌłÆ12	ŌłÆ25	342	146	144	52	91	175	76	318	521
135	135	NA	1303	97	1428	136	1272	168	1117	ŌłÆ1	0	ŌłÆ1	ŌłÆ8	ŌłÆ23	ŌłÆ77	ŌłÆ23	ŌłÆ69	ŌłÆ21	ŌłÆ64	ŌłÆ21	ŌłÆ73	304	102	121	81	77	135	92	295	424
136	136	KG	1295	127	1332	155	1203	178	1095	+4	+4	ŌłÆ4	ŌłÆ18	ŌłÆ9	ŌłÆ37	+9	+13	+9	+39	+24	+83	192	49	74	69	55	105	32	208	337
137	137	MY	1293	58	1548	123	1287	185	1054	+1	0	ŌłÆ5	ŌłÆ20	+2	+2	+9	+17	+20	+87	+38	+162	929	390	244	295	363	355	211	1516	1349
137	137	GY	1293	15	1525	104	1294	182	1043	+1	0	+10	+17	+11	+29	+10	+19	+34	+149	+17	+72	453	177	193	83	142	222	89	586	782
139	139	LB	1288	79	1472	109	1328	164	1166	ŌłÆ13	ŌłÆ44	ŌłÆ13	ŌłÆ44	ŌłÆ11	ŌłÆ39	+1	ŌłÆ9	ŌłÆ23	ŌłÆ75	ŌłÆ24	ŌłÆ80	419	139	143	137	122	185	112	502	616
139	139	LV	1288	41	1575	87	1399	155	1217	ŌłÆ4	ŌłÆ13	+4	+2	ŌłÆ4	ŌłÆ13	ŌłÆ7	ŌłÆ33	0	+7	ŌłÆ51	ŌłÆ192	459	193	213	53	128	220	111	536	754
141	141	ET	1287	39	1639	99	1394	154	1238	+3	+2	+7	+23	+4	+8	+3	+3	ŌłÆ14	ŌłÆ39	ŌłÆ12	ŌłÆ13	474	216	163	95	171	199	104	657	691
142	142	NC	1286	50	1531	103	1356	176	1089	0	0	ŌłÆ2	ŌłÆ8	+1	+1	+13	+56	+1	+20	ŌłÆ10	ŌłÆ10	285	87	71	127	141	110	34	739	419
143	143	TJ	1285	75	1504	123	1334	164	1195	+1	0	ŌłÆ4	ŌłÆ12	ŌłÆ1	ŌłÆ3	ŌłÆ33	ŌłÆ96	ŌłÆ3	+15	+12	+65	212	57	84	71	80	86	46	305	297
143	143	BI	1285	85	1464	125	1285	168	1163	ŌłÆ1	ŌłÆ1	+8	+46	ŌłÆ5	ŌłÆ7	0	ŌłÆ4	+4	+38	ŌłÆ22	ŌłÆ51	241	52	89	100	74	112	55	274	334
145	145	DO	1283	138	1295	167	1060	188	930	+1	ŌłÆ1	ŌłÆ4	ŌłÆ10	ŌłÆ4	ŌłÆ6	+14	+75	+18	+112	+14	+66	190	86	64	40	69	89	32	301	307
146	146	LT	1279	47	1662	92	1318	151	1050	ŌłÆ6	ŌłÆ12	0	+2	ŌłÆ9	ŌłÆ15	ŌłÆ29	ŌłÆ77	ŌłÆ15	ŌłÆ40	ŌłÆ47	ŌłÆ164	418	170	207	41	106	230	82	415	759
147	147	MD	1270	65	1556	110	1390	165	1169	+1	+8	ŌłÆ5	ŌłÆ18	ŌłÆ13	ŌłÆ49	ŌłÆ27	ŌłÆ79	+6	+51	ŌłÆ29	ŌłÆ80	302	115	146	41	60	172	70	247	523
148	148	BW	1267	100	1437	150	1167	190	996	ŌłÆ1	0	ŌłÆ4	ŌłÆ18	ŌłÆ27	ŌłÆ85	ŌłÆ12	ŌłÆ48	ŌłÆ14	ŌłÆ34	ŌłÆ17	ŌłÆ31	368	166	136	66	98	166	104	311	490
149	149	MT	1255	78	1435	118	1322	171	1155	+4	+18	ŌłÆ4	ŌłÆ23	+4	+5	+2	ŌłÆ1	+6	+37	+2	+24	456	246	183	27	66	314	76	298	1020
150	150	GW	1248	84	1415	126	1282	163	1178	ŌłÆ1	0	0	+4	ŌłÆ2	ŌłÆ16	ŌłÆ34	ŌłÆ112	ŌłÆ28	ŌłÆ103	ŌłÆ12	ŌłÆ35	215	66	64	85	58	104	53	215	320
151	151	CU	1239	21	1683	84	1439	161	1116	0	0	+2	+10	+4	+15	ŌłÆ10	ŌłÆ55	ŌłÆ10	ŌłÆ30	ŌłÆ24	ŌłÆ71	485	103	212	170	185	189	111	678	684
151	151	MW	1239	48	1590	115	1327	153	1093	ŌłÆ1	ŌłÆ2	ŌłÆ2	ŌłÆ13	0	ŌłÆ17	ŌłÆ12	ŌłÆ63	ŌłÆ18	ŌłÆ66	ŌłÆ25	ŌłÆ77	700	306	245	149	232	265	203	817	902
153	153	CF	1236	83	1417	124	1295	167	1177	ŌłÆ1	ŌłÆ2	ŌłÆ1	ŌłÆ2	ŌłÆ7	ŌłÆ42	ŌłÆ22	ŌłÆ88	ŌłÆ15	ŌłÆ47	ŌłÆ25	ŌłÆ65	164	32	67	65	36	94	34	181	326
154	154	GF	1223	71	1396	125	1246	172	1109	0	0	0	0	+2	0	ŌłÆ12	ŌłÆ67	ŌłÆ13	ŌłÆ46	ŌłÆ13	ŌłÆ53	190	66	67	57	57	92	41	280	328
155	155	YT	1216	149	1233	157	1202	174	1124	0	0	+1	0	+4	0	+3	0	ŌłÆ3	ŌłÆ8	+2	ŌłÆ2	41	2	11	28	13	17	11	55	59
156	156	TM	1209	67	1547	117	1358	161	1205	0	0	ŌłÆ1	ŌłÆ8	ŌłÆ4	ŌłÆ42	+4	+4	ŌłÆ21	ŌłÆ82	ŌłÆ23	ŌłÆ83	187	42	76	69	71	82	34	288	281
157	157	CG	1207	33	1690	83	1470	159	1207	0	0	+2	0	ŌłÆ1	ŌłÆ16	ŌłÆ8	ŌłÆ61	ŌłÆ41	ŌłÆ156	ŌłÆ61	ŌłÆ248	474	180	188	106	173	186	115	679	662
158	158	ER	1201	142	1246	164	1158	185	1056	+1	0	+6	+62	+8	+62	+8	+62	+15	+62	+27	+127	86	20	28	38	17	50	19	61	137
159	159	LS	1198	125	1325	151	1179	179	1102	ŌłÆ1	ŌłÆ7	ŌłÆ3	ŌłÆ18	ŌłÆ1	ŌłÆ24	ŌłÆ2	ŌłÆ29	ŌłÆ1	ŌłÆ3	ŌłÆ3	ŌłÆ21	354	113	147	94	70	180	104	280	580
160	160	YE	1195	109	1367	144	1212	178	1078	+2	+44	+3	+44	+12	+74	+12	+93	+5	+25	+3	ŌłÆ13	295	56	87	152	66	173	56	304	573
161	161	PH	1179	27	1355	135	1070	220	681	0	+11	+1	+23	+8	+46	+22	+143	+11	+38	ŌłÆ19	ŌłÆ89	396	110	126	160	99	237	60	431	1020
162	162	TI	1177	49	1591	103	1386	171	1137	ŌłÆ2	0	ŌłÆ2	0	ŌłÆ1	0	+1	ŌłÆ10	ŌłÆ1	ŌłÆ16	ŌłÆ10	ŌłÆ53	254	58	71	125	136	82	36	693	383
163	163	SW	1148	119	1347	153	1168	181	1062	0	0	ŌłÆ5	ŌłÆ62	ŌłÆ4	ŌłÆ68	ŌłÆ7	ŌłÆ80	ŌłÆ10	ŌłÆ71	ŌłÆ44	ŌłÆ199	324	123	131	70	71	158	95	297	542
164	164	VC	1141	58	1500	110	1322	185	1030	0	0	ŌłÆ3	ŌłÆ30	+3	+4	+15	+75	+9	+2	+14	+29	365	138	135	92	131	150	84	566	648
165	165	PG	1135	136	1223	165	1091	188	1017	+3	0	+1	0	+9	+31	+12	+56	+4	ŌłÆ15	+8	ŌłÆ1	165	30	43	92	54	80	31	352	356
165	165	PR	1135	100	1167	169	937	203	829	0	ŌłÆ3	+2	+1	+3	+1	0	ŌłÆ13	+19	+77	+19	+50	196	73	67	56	46	121	29	229	491
167	167	SG	1134	80	1415	134	1230	187	1041	0	ŌłÆ3	+2	+3	+9	+52	+3	+23	+8	ŌłÆ2	+3	ŌłÆ25	777	326	185	266	246	374	157	1048	1400
168	168	IN	1128	24	1685	110	1341	186	1029	ŌłÆ3	ŌłÆ10	+2	+5	ŌłÆ3	ŌłÆ14	ŌłÆ7	ŌłÆ68	ŌłÆ9	ŌłÆ69	+15	+37	612	177	172	263	220	263	129	838	1001
169	169	BM	1117	91	1432	128	1283	177	1083	+1	ŌłÆ2	+3	ŌłÆ3	ŌłÆ7	ŌłÆ51	0	ŌłÆ7	ŌłÆ23	ŌłÆ131	ŌłÆ5	ŌłÆ89	236	106	82	48	79	112	45	375	417
169	169	VU	1117	111	1263	156	1104	191	960	+2	+4	+5	+4	+12	+72	+4	+26	ŌłÆ6	ŌłÆ54	ŌłÆ3	ŌłÆ70	227	54	51	122	71	124	32	404	485
171	171	SS	1109	163	1155	178	1088	188	1018	+1	0	ŌłÆ4	ŌłÆ25	ŌłÆ2	ŌłÆ24	ŌłÆ3	ŌłÆ18	+11	+30	+5	ŌłÆ14	81	18	29	34	13	52	16	55	145
172	172	FJ	1104	78	1466	129	1246	175	1069	+1	ŌłÆ4	+3	ŌłÆ4	ŌłÆ18	ŌłÆ122	ŌłÆ11	ŌłÆ92	ŌłÆ21	ŌłÆ123	ŌłÆ23	ŌłÆ130	288	106	65	117	126	106	56	647	463
173	173	HK	1101	60	1534	123	1288	180	1058	ŌłÆ4	ŌłÆ20	ŌłÆ8	ŌłÆ35	ŌłÆ9	ŌłÆ45	+5	+30	ŌłÆ6	ŌłÆ61	ŌłÆ7	ŌłÆ86	513	182	152	179	177	234	102	809	873
174	174	GD	1098	46	1548	102	1370	186	1060	0	ŌłÆ1	ŌłÆ3	ŌłÆ24	ŌłÆ1	ŌłÆ8	0	+16	ŌłÆ4	ŌłÆ49	+3	ŌłÆ19	310	115	116	79	103	129	78	490	561
175	175	AD	1080	169	1130	182	1050	195	952	0	+3	+4	ŌłÆ3	+2	+14	ŌłÆ4	ŌłÆ30	+11	+52	+18	+120	231	92	106	33	15	184	32	77	543
176	176	MU	1073	36	1634	108	1334	195	930	0	0	+1	ŌłÆ18	ŌłÆ1	ŌłÆ22	+7	+37	+13	+66	+4	ŌłÆ30	359	124	151	84	100	174	85	450	572
176	176	TD	1073	107	1318	136	1243	176	1073	0	0	ŌłÆ4	ŌłÆ47	ŌłÆ13	ŌłÆ78	ŌłÆ12	ŌłÆ80	ŌłÆ14	ŌłÆ107	ŌłÆ30	ŌłÆ180	182	45	59	78	35	105	42	165	340
176	176	BZ	1073	61	1201	139	1114	183	1034	0	0	0	ŌłÆ32	+2	+15	+6	+31	+1	ŌłÆ52	ŌłÆ10	ŌłÆ114	129	44	44	41	32	74	23	138	245
179	179	SB	1054	110	1378	147	1182	179	1041	0	0	ŌłÆ1	ŌłÆ36	ŌłÆ8	ŌłÆ72	ŌłÆ25	ŌłÆ183	ŌłÆ11	ŌłÆ103	ŌłÆ7	ŌłÆ85	223	59	62	102	94	92	37	480	428
180	180	MF	1042	155	1120	187	983	214	755	0	0	+6	+39	+2	ŌłÆ1	+14	+102	+26	+189	+26	+178	86	18	36	32	33	44	9	136	191
181	181	ST	1035	153	1116	174	1056	190	985	0	0	ŌłÆ1	ŌłÆ21	+2	ŌłÆ3	0	ŌłÆ11	+2	ŌłÆ29	0	ŌłÆ66	82	24	36	22	11	60	11	59	213
182	182	KN	1030	88	1388	138	1175	186	1002	0	0	+2	+24	+3	+4	ŌłÆ6	ŌłÆ51	ŌłÆ23	ŌłÆ167	ŌłÆ52	ŌłÆ269	252	121	80	51	104	101	47	431	396
183	183	GI	1011	167	1151	178	1081	189	1002	+3	+9	ŌłÆ1	ŌłÆ6	ŌłÆ3	ŌłÆ35	ŌłÆ3	ŌłÆ45	ŌłÆ3	ŌłÆ76	ŌłÆ4	ŌłÆ99	118	41	49	28	18	85	15	70	344
184	184	JS	1005	184	1005	188	1004	190	995	0	0	+1	0	+2	0	+2	0	+6	0	+3	0	2	0	0	2	1	0	1	4	3
185	185	LC	1003	67	1353	126	1240	192	978	0	0	ŌłÆ2	ŌłÆ5	ŌłÆ2	ŌłÆ35	ŌłÆ11	ŌłÆ79	0	ŌłÆ28	ŌłÆ3	ŌłÆ94	264	89	108	67	90	132	42	361	485
186	186	EH	996	186	996	189	996	192	996	+1	0	+1	0	+1	0	+2	0	+5	0	+2	0	1	0	1	0	0	1	0	0	6
187	187	MM	984	34	1675	124	1244	199	896	+1	+2	+5	+39	+3	+33	+10	+66	+1	ŌłÆ27	ŌłÆ1	ŌłÆ84	555	120	139	296	219	232	104	899	962
188	188	AW	979	51	1443	125	1198	204	880	+1	ŌłÆ1	+3	+29	+8	+61	+1	ŌłÆ12	+9	+69	+10	+63	208	83	81	44	52	112	44	298	471
188	188	SO	979	132	1218	166	1072	207	835	+2	0	+1	+18	+9	+68	+13	+84	+10	+71	+19	+135	150	10	48	92	15	112	23	78	375
190	190	SX	974	164	976	187	908	213	757	+1	0	0	+19	+3	+43	+14	+122	+23	+211	+14	+95	75	16	25	34	23	39	13	107	194
191	191	MS	972	116	1022	191	642	236	526	+1	0	ŌłÆ3	0	ŌłÆ3	0	ŌłÆ6	ŌłÆ43	+5	+32	+36	+328	74	15	26	33	18	48	8	76	235
192	192	AF	961	96	1166	167	920	210	778	ŌłÆ9	ŌłÆ50	ŌłÆ11	ŌłÆ74	ŌłÆ13	ŌłÆ96	ŌłÆ25	ŌłÆ169	ŌłÆ16	ŌłÆ174	ŌłÆ21	ŌłÆ192	168	8	67	93	38	92	38	153	340
193	193	GL	945	163	1035	185	974	197	945	0	0	ŌłÆ1	0	ŌłÆ2	0	ŌłÆ1	0	ŌłÆ1	ŌłÆ17	ŌłÆ2	ŌłÆ17	22	2	7	13	5	16	1	35	50
194	194	BD	942	150	1115	181	980	210	796	+2	+10	0	+2	+5	+35	+2	+18	+13	+93	+8	+58	327	92	97	138	88	166	73	300	584
195	195	DJ	940	105	942	178	872	215	748	ŌłÆ1	0	+3	+25	ŌłÆ1	+11	ŌłÆ2	ŌłÆ2	+7	+39	+20	+190	121	28	40	53	11	99	11	83	424
196	196	DM	934	59	1330	132	1196	198	932	ŌłÆ1	0	ŌłÆ1	ŌłÆ4	ŌłÆ7	ŌłÆ34	ŌłÆ10	ŌłÆ71	ŌłÆ9	ŌłÆ88	ŌłÆ2	ŌłÆ23	246	69	97	80	60	132	54	288	488
197	197	PK	909	69	1460	154	1101	209	788	+12	+97	+10	+79	+12	+94	+9	+83	+7	+30	ŌłÆ2	ŌłÆ43	287	63	97	127	66	170	51	279	642
198	198	MC	903	193	909	199	900	202	890	0	0	+1	0	+3	0	+1	0	+3	0	+1	ŌłÆ6	9	0	1	8	4	2	3	11	15
199	199	BB	898	53	1406	121	1243	200	898	0	0	ŌłÆ3	ŌłÆ23	ŌłÆ7	ŌłÆ40	ŌłÆ4	ŌłÆ32	ŌłÆ18	ŌłÆ184	ŌłÆ25	ŌłÆ237	375	168	132	75	117	162	96	492	616
200	200	AG	895	102	1319	145	1178	201	895	0	0	+1	0	ŌłÆ2	ŌłÆ14	ŌłÆ10	ŌłÆ92	ŌłÆ34	ŌłÆ268	ŌłÆ47	ŌłÆ333	285	116	101	68	95	136	54	394	491
200	200	LI	895	143	1242	167	1113	201	895	ŌłÆ3	ŌłÆ9	0	ŌłÆ5	0	ŌłÆ10	ŌłÆ9	ŌłÆ72	ŌłÆ21	ŌłÆ197	ŌłÆ35	ŌłÆ297	259	115	125	19	19	208	32	104	726
202	202	NP	893	167	1008	190	889	209	729	ŌłÆ1	0	ŌłÆ5	ŌłÆ26	ŌłÆ7	ŌłÆ33	ŌłÆ4	ŌłÆ12	ŌłÆ7	ŌłÆ48	ŌłÆ2	ŌłÆ11	295	74	91	130	68	174	53	247	665
203	203	KH	871	93	1390	158	1058	221	677	+1	+27	0	+27	+4	+36	+2	+28	+5	+33	+8	+101	318	82	93	143	73	200	45	367	816
204	204	SC	853	157	1123	182	987	205	842	ŌłÆ2	0	0	+11	ŌłÆ1	+2	ŌłÆ1	ŌłÆ6	ŌłÆ4	ŌłÆ54	ŌłÆ13	ŌłÆ109	190	51	58	81	26	131	33	144	425
205	205	LK	836	77	1045	161	933	227	648	+2	+9	+5	+53	+5	+54	+13	+142	+21	+172	+8	+76	285	70	89	126	58	177	50	278	693
206	206	SM	825	165	1015	195	917	212	770	0	ŌłÆ11	0	ŌłÆ8	ŌłÆ2	ŌłÆ20	+6	+52	+3	ŌłÆ2	ŌłÆ3	ŌłÆ58	228	110	110	8	3	213	12	44	895
207	207	TW	822	15	1765	145	1168	213	760	+1	0	ŌłÆ5	ŌłÆ44	ŌłÆ5	ŌłÆ59	ŌłÆ7	ŌłÆ78	ŌłÆ9	ŌłÆ86	+1	+15	340	96	109	135	96	192	52	465	790
208	208	BQ	817	81	1130	150	1036	208	817	ŌłÆ3	ŌłÆ20	0	ŌłÆ6	ŌłÆ2	ŌłÆ19	ŌłÆ2	ŌłÆ9	ŌłÆ15	ŌłÆ141	ŌłÆ19	ŌłÆ173	104	19	52	33	24	68	12	116	257
209	209	MV	801	162	1174	191	884	210	712	ŌłÆ6	ŌłÆ47	ŌłÆ4	ŌłÆ40	ŌłÆ4	ŌłÆ41	ŌłÆ7	ŌłÆ82	ŌłÆ15	ŌłÆ152	ŌłÆ12	ŌłÆ135	241	65	82	94	67	135	39	289	538
210	210	KY	800	153	1140	183	1000	210	795	0	ŌłÆ5	ŌłÆ1	ŌłÆ6	ŌłÆ2	ŌłÆ20	ŌłÆ2	ŌłÆ24	ŌłÆ7	ŌłÆ91	ŌłÆ14	ŌłÆ146	129	60	39	30	26	78	25	125	313
211	211	HG	782	208	805	211	783	213	773	0	0	0	0	ŌłÆ1	0	0	0	ŌłÆ1	+9	ŌłÆ2	ŌłÆ13	4	0	0	4	1	2	1	8	10
212	212	TV	756	179	819	204	745	218	719	0	0	0	0	+1	0	+2	0	+3	+19	+4	+31	34	0	4	30	9	21	4	47	182
213	213	VG	743	173	932	207	788	232	590	+4	+16	+8	+50	+15	+116	+14	+93	+18	+142	+18	+139	139	35	63	41	24	91	24	129	402
214	214	EU	737	211	757	213	753	215	711	ŌłÆ1	0	ŌłÆ1	0	0	0	ŌłÆ1	ŌłÆ20	0	ŌłÆ20	0	ŌłÆ20	11	3	8	0	5	2	4	33	30
215	215	LA	734	144	1016	186	895	227	646	ŌłÆ1	0	+4	+26	+3	+18	+10	+66	+5	+41	ŌłÆ6	ŌłÆ61	235	49	69	117	43	157	35	235	739
215	215	TL	734	215	742	226	630	236	531	+10	+61	+9	+54	+8	+45	+16	+123	+13	+92	+3	+20	92	5	47	40	13	72	7	86	285
217	217	WS	728	183	744	211	659	226	601	ŌłÆ1	0	ŌłÆ2	0	ŌłÆ1	0	ŌłÆ2	0	+6	+51	+4	+38	77	28	15	34	23	50	4	109	279
218	218	MN	726	147	897	190	843	227	650	ŌłÆ3	ŌłÆ4	ŌłÆ4	ŌłÆ4	ŌłÆ3	ŌłÆ4	ŌłÆ8	ŌłÆ66	ŌłÆ6	ŌłÆ43	+7	+54	102	22	39	41	21	70	11	100	288
219	219	BL	725	215	730	217	706	221	694	ŌłÆ1	0	ŌłÆ3	0	ŌłÆ2	0	ŌłÆ3	0	ŌłÆ2	+12	+1	+31	10	7	3	0	4	5	1	25	29
220	220	GU	706	179	895	207	694	232	531	ŌłÆ1	ŌłÆ13	ŌłÆ2	ŌłÆ8	ŌłÆ1	ŌłÆ8	+2	+24	ŌłÆ4	ŌłÆ22	ŌłÆ15	ŌłÆ166	132	25	44	63	31	88	13	169	592
221	221	WF	699	169	734	201	699	221	674	ŌłÆ1	0	ŌłÆ1	0	ŌłÆ1	0	ŌłÆ4	0	ŌłÆ3	0	ŌłÆ2	0	24	0	5	19	5	19	0	23	109
222	222	VA	692	212	705	218	697	223	686	ŌłÆ1	0	0	0	ŌłÆ1	0	ŌłÆ3	0	ŌłÆ1	0	0	+6	5	0	0	5	0	3	2	1	6
223	223	AB	691	216	701	223	675	227	671	ŌłÆ1	0	0	0	ŌłÆ1	0	+1	+20	+2	+20	+3	+20	8	5	3	0	2	4	2	25	26
224	224	BS	685	157	940	190	871	224	685	ŌłÆ1	0	ŌłÆ7	ŌłÆ34	ŌłÆ14	ŌłÆ97	ŌłÆ15	ŌłÆ124	ŌłÆ19	ŌłÆ178	ŌłÆ23	ŌłÆ215	90	30	32	28	17	62	11	90	291
225	225	PM	677	218	698	223	678	226	677	ŌłÆ1	0	0	0	ŌłÆ1	0	ŌłÆ2	0	ŌłÆ2	0	ŌłÆ1	0	7	0	0	7	0	7	0	2	78
226	226	TC	657	205	830	211	765	230	631	0	0	0	0	0	+9	ŌłÆ6	ŌłÆ29	ŌłÆ15	ŌłÆ114	ŌłÆ14	ŌłÆ104	56	16	22	18	13	37	6	54	197
227	227	AI	646	196	672	224	557	237	497	0	0	+1	+1	+4	+30	+6	+48	+9	+91	+10	+94	117	31	50	36	16	87	14	74	413
228	228	TE	630	177	691	208	666	231	630	+2	0	+1	0	ŌłÆ1	0	+1	0	+1	0	0	ŌłÆ1	10	0	3	7	0	9	1	8	38
229	229	VI	628	210	748	219	685	233	587	+2	0	+2	+10	+4	+41	+1	+10	ŌłÆ2	ŌłÆ31	ŌłÆ12	ŌłÆ94	81	27	35	19	10	58	13	55	300
230	230	BT	623	185	694	219	600	238	527	ŌłÆ2	ŌłÆ14	+2	+8	ŌłÆ1	+1	+1	+12	+4	+55	+6	+67	117	20	40	57	12	97	8	68	423
231	231	CK	622	175	738	206	681	232	622	+1	0	ŌłÆ1	0	ŌłÆ2	0	ŌłÆ10	ŌłÆ62	ŌłÆ9	ŌłÆ64	ŌłÆ9	ŌłÆ64	56	4	14	38	13	39	4	50	276
232	232	MO	589	103	1098	174	947	233	589	+1	0	+1	ŌłÆ7	0	ŌłÆ7	ŌłÆ6	ŌłÆ78	ŌłÆ14	ŌłÆ110	ŌłÆ4	ŌłÆ42	160	51	49	60	24	119	17	141	483
233	233	CX	578	219	614	228	577	235	513	+1	0	+1	0	+1	0	+1	0	0	0	0	0	10	6	4	0	7	2	1	29	8
234	234	BN	572	168	952	201	778	234	572	ŌłÆ5	ŌłÆ61	ŌłÆ7	ŌłÆ83	ŌłÆ9	ŌłÆ98	ŌłÆ6	ŌłÆ71	ŌłÆ4	ŌłÆ52	ŌłÆ4	ŌłÆ35	153	30	42	81	27	113	13	120	491
235	235	FK	571	223	593	229	585	235	571	0	0	0	0	0	0	0	0	ŌłÆ3	ŌłÆ9	ŌłÆ3	ŌłÆ9	4	0	1	3	0	4	0	0	25
236	236	FM	564	219	618	231	572	237	564	0	0	0	0	0	0	0	0	ŌłÆ1	0	ŌłÆ2	0	8	1	3	4	1	7	0	8	64
237	237	MH	559	235	571	237	559	237	559	0	0	0	0	ŌłÆ	ŌłÆ	ŌłÆ	ŌłÆ	ŌłÆ	ŌłÆ	ŌłÆ	ŌłÆ	2	0	0	2	0	2	0	2	7
238	238	KI	544	188	599	219	578	238	544	0	0	0	0	ŌłÆ1	0	ŌłÆ1	0	ŌłÆ1	0	0	0	11	0	2	9	0	10	1	7	126
239	239	TO	520	181	727	213	651	239	480	0	0	0	0	ŌłÆ1	0	0	+40	ŌłÆ1	ŌłÆ7	ŌłÆ4	ŌłÆ42	70	10	15	45	16	48	6	82	265
240	240	NU	496	194	500	225	496	240	496	0	0	0	0	ŌłÆ1	0	ŌłÆ2	0	ŌłÆ1	0	ŌłÆ1	0	2	0	0	2	0	2	0	0	33
241	241	MP	432	214	682	233	512	243	396	0	0	0	0	ŌłÆ1	0	ŌłÆ1	ŌłÆ20	+1	+22	+1	+20	36	7	11	18	5	28	3	43	153
242	242	CC	422	222	487	235	423	242	386	0	0	0	0	ŌłÆ1	0	ŌłÆ1	0	ŌłÆ1	0	ŌłÆ1	0	10	4	6	0	2	7	1	8	29
243	243	PW	402	225	442	237	402	243	402	0	0	0	0	ŌłÆ1	0	ŌłÆ1	0	0	0	0	0	2	2	0	0	0	2	0	3	27
244	244	AS	369	190	628	226	467	244	334	0	0	0	ŌłÆ19	ŌłÆ1	ŌłÆ19	ŌłÆ1	ŌłÆ7	ŌłÆ4	ŌłÆ102	ŌłÆ4	ŌłÆ93	59	0	15	44	5	52	2	36	385